option_id,security_name,S0,K,T,r,sigma,option_type,n_steps,mc_n_sims,mc_n_steps,random_number_generator,mc_price_with_cv,mc_price_no_cv,mc_price_difference
1,G9F6C 70.85 Comdty,73.16999816894531,70.85,1.008219178082192,0.0452799987792968,0.1934,arithmetic,252,10000,252,MCPricer,5.156920374015385,5.340712606911793,-0.18379223289640745
2,G9F6C 71.1 Comdty,73.16999816894531,71.1,1.008219178082192,0.0452799987792968,0.1934,arithmetic,252,10000,252,MCPricer,5.00586735906906,5.220518367879679,-0.21465100881061883
3,G9F6C 71.65 Comdty,73.16999816894531,71.65,1.008219178082192,0.0452799987792968,0.1934,arithmetic,252,10000,252,MCPricer,4.684023999772751,4.858531503854351,-0.17450750408160065
4,G9F6C 71.85 Comdty,73.16999816894531,71.85,1.008219178082192,0.0452799987792968,0.1934,arithmetic,252,10000,252,MCPricer,4.571894272989756,4.775186422040962,-0.2032921490512063
5,G9F6C 72.2 Comdty,73.16999816894531,72.2,1.008219178082192,0.0452799987792968,0.1934,arithmetic,252,10000,252,MCPricer,4.377476876887788,4.721137700505261,-0.34366082361747274
6,G9F6C 73.75 Comdty,73.16999816894531,73.75,1.008219178082192,0.0452799987792968,0.1934,arithmetic,252,10000,252,MCPricer,3.578810933180841,3.7714589375766656,-0.19264800439582475
7,G9F6C 73.8 Comdty,73.16999816894531,73.8,1.008219178082192,0.0452799987792968,0.1934,arithmetic,252,10000,252,MCPricer,3.5557660878863544,3.804850736374805,-0.2490846484884508
8,G9F6C 74.4 Comdty,73.16999816894531,74.4,1.008219178082192,0.0452799987792968,0.1934,arithmetic,252,10000,252,MCPricer,3.2740153019302074,3.4288139013539904,-0.15479859942378305
9,G9F6C 77 Comdty,73.16999816894531,77.0,1.008219178082192,0.0452799987792968,0.1934,arithmetic,252,10000,252,MCPricer,2.244560469019573,2.2974419061629443,-0.05288143714337146
10,G9F6C 78.45 Comdty,73.16999816894531,78.45,1.008219178082192,0.0452799987792968,0.1934,arithmetic,252,10000,252,MCPricer,1.78790947107919,1.8654903792609017,-0.0775809081817116
11,G9F6C 79.25 Comdty,73.16999816894531,79.25,1.008219178082192,0.0452799987792968,0.1934,arithmetic,252,10000,252,MCPricer,1.568987674019276,1.6023116016119232,-0.03332392759264713
12,G9F6C 80 Comdty,73.16999816894531,80.0,1.008219178082192,0.0452799987792968,0.1934,arithmetic,252,10000,252,MCPricer,1.3838507570365295,1.4873404165950612,-0.10348965955853173
13,G9F6C 81.25 Comdty,73.16999816894531,81.25,1.008219178082192,0.0452799987792968,0.1934,arithmetic,252,10000,252,MCPricer,1.1134587023248648,1.164861676265385,-0.05140297394052018
14,G9F7C 70 Comdty,73.16999816894531,70.0,2.0054794520547947,0.0452799987792968,0.1934,arithmetic,252,10000,252,MCPricer,7.214349973765678,7.913498424027673,-0.6991484502619949
15,G9F7C 71.1 Comdty,73.16999816894531,71.1,2.0054794520547947,0.0452799987792968,0.1934,arithmetic,252,10000,252,MCPricer,6.605304542652233,7.2126183134075275,-0.6073137707552947
16,G9G6C 70.85 Comdty,73.16999816894531,70.85,1.084931506849315,0.0452799987792968,0.1934,arithmetic,252,10000,252,MCPricer,5.301740406468394,5.6606301245038795,-0.35888971803548575
17,G9G6C 74 Comdty,73.16999816894531,74.0,1.084931506849315,0.0452799987792968,0.1934,arithmetic,252,10000,252,MCPricer,3.616203401151439,3.7968177469771276,-0.1806143458256888
18,G9G6C 75.25 Comdty,73.16999816894531,75.25,1.084931506849315,0.0452799987792968,0.1934,arithmetic,252,10000,252,MCPricer,3.064629813097883,3.2587831690163953,-0.19415335591851246
19,G9G6C 75.75 Comdty,73.16999816894531,75.75,1.084931506849315,0.0452799987792968,0.1934,arithmetic,252,10000,252,MCPricer,2.8554805110253088,2.9910009095111145,-0.13552039848580577
20,G9G6C 76.55 Comdty,73.16999816894531,76.55,1.084931506849315,0.0452799987792968,0.1934,arithmetic,252,10000,252,MCPricer,2.552069615141884,2.736013278583202,-0.18394366344131807
21,G9G6C 76.77 Comdty,73.16999816894531,76.77,1.084931506849315,0.0452799987792968,0.1934,arithmetic,252,10000,252,MCPricer,2.476136022799346,2.550293706079685,-0.074157683280339
22,G9G6C 80 Comdty,73.16999816894531,80.0,1.084931506849315,0.0452799987792968,0.1934,arithmetic,252,10000,252,MCPricer,1.5101233002543841,1.611079030554525,-0.10095573030014093
23,G9G6C 81.25 Comdty,73.16999816894531,81.25,1.084931506849315,0.0452799987792968,0.1934,arithmetic,252,10000,252,MCPricer,1.2301990915603689,1.3093484433174383,-0.07914935175706939
24,G9G7C 69 Comdty,73.16999816894531,69.0,2.0821917808219177,0.0452799987792968,0.1934,arithmetic,252,10000,252,MCPricer,7.889482216881284,8.83634144933627,-0.9468592324549867
25,G9G7C 70 Comdty,73.16999816894531,70.0,2.0821917808219177,0.0452799987792968,0.1934,arithmetic,252,10000,252,MCPricer,7.308664141587191,7.942585731129158,-0.6339215895419672
26,G9H6C 69.5 Comdty,73.16999816894531,69.5,1.1726027397260277,0.0452799987792968,0.1934,arithmetic,252,10000,252,MCPricer,6.299821580987843,6.575307296337829,-0.2754857153499861
27,G9H6C 70.85 Comdty,73.16999816894531,70.85,1.1726027397260277,0.0452799987792968,0.1934,arithmetic,252,10000,252,MCPricer,5.46551723104845,5.768683363927964,-0.30316613287951455
28,G9H6C 72.2 Comdty,73.16999816894531,72.2,1.1726027397260277,0.0452799987792968,0.1934,arithmetic,252,10000,252,MCPricer,4.699018347099354,5.035283027044127,-0.3362646799447724
29,G9H6C 72.75 Comdty,73.16999816894531,72.75,1.1726027397260277,0.0452799987792968,0.1934,arithmetic,252,10000,252,MCPricer,4.4086442729351925,4.7305937463943115,-0.32194947345911906
30,G9H6C 73.8 Comdty,73.16999816894531,73.8,1.1726027397260277,0.0452799987792968,0.1934,arithmetic,252,10000,252,MCPricer,3.883669188010185,4.184871003425309,-0.30120181541512414
31,G9H6C 75.25 Comdty,73.16999816894531,75.25,1.1726027397260277,0.0452799987792968,0.1934,arithmetic,252,10000,252,MCPricer,3.231560550208742,3.409703514784594,-0.17814296457585188
32,G9H6C 76 Comdty,73.16999816894531,76.0,1.1726027397260277,0.0452799987792968,0.1934,arithmetic,252,10000,252,MCPricer,2.9317005529406597,3.0293404857362343,-0.09763993279557459
33,G9H6C 77.25 Comdty,73.16999816894531,77.25,1.1726027397260277,0.0452799987792968,0.1934,arithmetic,252,10000,252,MCPricer,2.4703202376362854,2.6175650310542373,-0.14724479341795194
34,G9H6C 78.45 Comdty,73.16999816894531,78.45,1.1726027397260277,0.0452799987792968,0.1934,arithmetic,252,10000,252,MCPricer,2.0858423042292746,2.2351946173476507,-0.14935231311837605
35,G9H6C 78.94 Comdty,73.16999816894531,78.94,1.1726027397260277,0.0452799987792968,0.1934,arithmetic,252,10000,252,MCPricer,1.94214783928252,2.1200300604901816,-0.17788222120766162
36,G9H7C 69 Comdty,73.16999816894531,69.0,2.1726027397260275,0.0452799987792968,0.1934,arithmetic,252,10000,252,MCPricer,7.993714914044997,8.772387622903477,-0.7786727088584797
37,G9H7C 75 Comdty,73.16999816894531,75.0,2.1726027397260275,0.0452799987792968,0.1934,arithmetic,252,10000,252,MCPricer,4.950564240806518,5.422985975840581,-0.4724217350340636
38,G9J6C 69.5 Comdty,73.16999816894531,69.5,1.2547945205479452,0.0452799987792968,0.1934,arithmetic,252,10000,252,MCPricer,6.442579302246725,6.800926708955579,-0.35834740670885434
39,G9J6C 70.85 Comdty,73.16999816894531,70.85,1.2547945205479452,0.0452799987792968,0.1934,arithmetic,252,10000,252,MCPricer,5.6099415272161135,6.041901248652742,-0.43195972143662864
40,G9J6C 74.4 Comdty,73.16999816894531,74.4,1.2547945205479452,0.0452799987792968,0.1934,arithmetic,252,10000,252,MCPricer,3.758121668861501,3.8960274635454017,-0.13790579468390085
41,G9J6C 75 Comdty,73.16999816894531,75.0,1.2547945205479452,0.0452799987792968,0.1934,arithmetic,252,10000,252,MCPricer,3.4945303123081772,3.708364484235431,-0.21383417192725362
42,G9J6C 75.55 Comdty,73.16999816894531,75.55,1.2547945205479452,0.0452799987792968,0.1934,arithmetic,252,10000,252,MCPricer,3.26752135269622,3.52759490001826,-0.2600735473220399
43,G9J6C 76.55 Comdty,73.16999816894531,76.55,1.2547945205479452,0.0452799987792968,0.1934,arithmetic,252,10000,252,MCPricer,2.8705763868596743,3.109465206408621,-0.2388888195489467
44,G9J6C 76.6 Comdty,73.16999816894531,76.6,1.2547945205479452,0.0452799987792968,0.1934,arithmetic,252,10000,252,MCPricer,2.8539595310153785,2.9800062880408165,-0.126046757025438
45,G9J6C 77 Comdty,73.16999816894531,77.0,1.2547945205479452,0.0452799987792968,0.1934,arithmetic,252,10000,252,MCPricer,2.708178087476409,2.833598469286302,-0.12542038180989312
46,G9J6C 78 Comdty,73.16999816894531,78.0,1.2547945205479452,0.0452799987792968,0.1934,arithmetic,252,10000,252,MCPricer,2.368034550099142,2.4807841711391645,-0.11274962104002251
47,G9J6C 80 Comdty,73.16999816894531,80.0,1.2547945205479452,0.0452799987792968,0.1934,arithmetic,252,10000,252,MCPricer,1.7867499526859458,1.8656984158445211,-0.07894846315857529
48,G9J6C 81.25 Comdty,73.16999816894531,81.25,1.2547945205479452,0.0452799987792968,0.1934,arithmetic,252,10000,252,MCPricer,1.4890443655619612,1.6113338108782203,-0.12228944531625907
49,G9K6C 70.85 Comdty,73.16999816894531,70.85,1.3342465753424655,0.0452799987792968,0.1934,arithmetic,252,10000,252,MCPricer,5.746980967020981,6.108068299113185,-0.3610873320922039
50,G9K6C 72.67 Comdty,73.16999816894531,72.67,1.3342465753424655,0.0452799987792968,0.1934,arithmetic,252,10000,252,MCPricer,4.747361101709459,4.96659478045111,-0.21923367874165045
51,G9K6C 74.4 Comdty,73.16999816894531,74.4,1.3342465753424655,0.0452799987792968,0.1934,arithmetic,252,10000,252,MCPricer,3.905531465031254,4.171440209289913,-0.2659087442586592
52,G9K6C 75.75 Comdty,73.16999816894531,75.75,1.3342465753424655,0.0452799987792968,0.1934,arithmetic,252,10000,252,MCPricer,3.3262909954432893,3.6310170057193702,-0.3047260102760809
53,G9K6C 76.55 Comdty,73.16999816894531,76.55,1.3342465753424655,0.0452799987792968,0.1934,arithmetic,252,10000,252,MCPricer,3.0172906837194153,3.2200417241910015,-0.2027510404715862
54,G9K6C 76.6 Comdty,73.16999816894531,76.6,1.3342465753424655,0.0452799987792968,0.1934,arithmetic,252,10000,252,MCPricer,2.9936716913782395,3.14600860994415,-0.15233691856591047
55,G9K6C 78 Comdty,73.16999816894531,78.0,1.3342465753424655,0.0452799987792968,0.1934,arithmetic,252,10000,252,MCPricer,2.5083084928303165,2.7142791254779213,-0.20597063264760473
56,G9K6C 78.94 Comdty,73.16999816894531,78.94,1.3342465753424655,0.0452799987792968,0.1934,arithmetic,252,10000,252,MCPricer,2.212169988507447,2.299657618366415,-0.08748762985896796
57,G9K7C 70 Comdty,73.16999816894531,70.0,2.331506849315069,0.0452799987792968,0.1934,arithmetic,252,10000,252,MCPricer,7.606969424444996,8.610609099540804,-1.0036396750958083
58,G9K7C 71.1 Comdty,73.16999816894531,71.1,2.331506849315069,0.0452799987792968,0.1934,arithmetic,252,10000,252,MCPricer,7.013220437347021,7.91810578473176,-0.9048853473847389
59,G9K7C 75 Comdty,73.16999816894531,75.0,2.331506849315069,0.0452799987792968,0.1934,arithmetic,252,10000,252,MCPricer,5.162277993075537,5.711421245990794,-0.5491432529152567
60,G9M6C 70.85 Comdty,73.16999816894531,70.85,1.421917808219178,0.0452799987792968,0.1934,arithmetic,252,10000,252,MCPricer,5.893108026859747,6.353337399646985,-0.4602293727872375
61,G9M6C 71.1 Comdty,73.16999816894531,71.1,1.421917808219178,0.0452799987792968,0.1934,arithmetic,252,10000,252,MCPricer,5.749316273689843,6.198005299225786,-0.44868902553594303
62,G9M6C 71.85 Comdty,73.16999816894531,71.85,1.421917808219178,0.0452799987792968,0.1934,arithmetic,252,10000,252,MCPricer,5.328829259435613,5.721914900993142,-0.393085641557529
63,G9M6C 72.2 Comdty,73.16999816894531,72.2,1.421917808219178,0.0452799987792968,0.1934,arithmetic,252,10000,252,MCPricer,5.14003448557722,5.369659943234995,-0.2296254576577752
64,G9M6C 72.67 Comdty,73.16999816894531,72.67,1.421917808219178,0.0452799987792968,0.1934,arithmetic,252,10000,252,MCPricer,4.895052273147078,5.24226061562577,-0.3472083424786918
65,G9M6C 74.4 Comdty,73.16999816894531,74.4,1.421917808219178,0.0452799987792968,0.1934,arithmetic,252,10000,252,MCPricer,4.059350749588243,4.4440054374612155,-0.3846546878729722
66,G9M6C 75 Comdty,73.16999816894531,75.0,1.421917808219178,0.0452799987792968,0.1934,arithmetic,252,10000,252,MCPricer,3.7928421688678147,4.1378904305108435,-0.3450482616430288
67,G9M6C 75.75 Comdty,73.16999816894531,75.75,1.421917808219178,0.0452799987792968,0.1934,arithmetic,252,10000,252,MCPricer,3.4799648042247364,3.7671101110354086,-0.2871453068106722
68,G9M6C 76.6 Comdty,73.16999816894531,76.6,1.421917808219178,0.0452799987792968,0.1934,arithmetic,252,10000,252,MCPricer,3.1482492792389896,3.3907222037028544,-0.24247292446386481
69,G9M6C 77.4 Comdty,73.16999816894531,77.4,1.421917808219178,0.0452799987792968,0.1934,arithmetic,252,10000,252,MCPricer,2.8576425527003115,3.0276102578767765,-0.16996770517646498
70,G9M6C 78.27 Comdty,73.16999816894531,78.27,1.421917808219178,0.0452799987792968,0.1934,arithmetic,252,10000,252,MCPricer,2.5655943984217333,2.7217037610890755,-0.1561093626673422
71,G9M7C 69 Comdty,73.16999816894531,69.0,2.421917808219178,0.0452799987792968,0.1934,arithmetic,252,10000,252,MCPricer,8.257740127868724,9.369315449424587,-1.111575321555863
72,G9M7C 70 Comdty,73.16999816894531,70.0,2.421917808219178,0.0452799987792968,0.1934,arithmetic,252,10000,252,MCPricer,7.7090592919171925,8.658051584503191,-0.9489922925859986
73,G9M7C 71.1 Comdty,73.16999816894531,71.1,2.421917808219178,0.0452799987792968,0.1934,arithmetic,252,10000,252,MCPricer,7.118224935262522,7.75844085996905,-0.6402159247065278
74,G9N6C 71.07 Comdty,73.16999816894531,71.07,1.5068493150684932,0.0452799987792968,0.1934,arithmetic,252,10000,252,MCPricer,5.899407025379746,6.3405540263187286,-0.4411470009389822
75,G9N6C 71.1 Comdty,73.16999816894531,71.1,1.5068493150684932,0.0452799987792968,0.1934,arithmetic,252,10000,252,MCPricer,5.885162543457626,6.325950547829774,-0.4407880043721484
76,G9N6C 71.85 Comdty,73.16999816894531,71.85,1.5068493150684932,0.0452799987792968,0.1934,arithmetic,252,10000,252,MCPricer,5.470560639971492,5.913217677444149,-0.4426570374726575
77,G9N6C 72.67 Comdty,73.16999816894531,72.67,1.5068493150684932,0.0452799987792968,0.1934,arithmetic,252,10000,252,MCPricer,5.040847925266238,5.3327792312975335,-0.29193130603129536
78,G9N6C 75 Comdty,73.16999816894531,75.0,1.5068493150684932,0.0452799987792968,0.1934,arithmetic,252,10000,252,MCPricer,3.9426882094560005,4.11243711938342,-0.16974890992741987
79,G9N6C 76.55 Comdty,73.16999816894531,76.55,1.5068493150684932,0.0452799987792968,0.1934,arithmetic,252,10000,252,MCPricer,3.3103566930796493,3.5756744140556407,-0.2653177209759914
80,G9N6C 76.6 Comdty,73.16999816894531,76.6,1.5068493150684932,0.0452799987792968,0.1934,arithmetic,252,10000,252,MCPricer,3.2961338700097365,3.5147165892595558,-0.2185827192498193
81,G9N6C 79.5 Comdty,73.16999816894531,79.5,1.5068493150684932,0.0452799987792968,0.1934,arithmetic,252,10000,252,MCPricer,2.3208746529234126,2.4897049392727464,-0.16883028634933384
82,G9N7C 70 Comdty,73.16999816894531,70.0,2.504109589041096,0.0452799987792968,0.1934,arithmetic,252,10000,252,MCPricer,7.793884120383058,8.693927486459602,-0.9000433660765443
83,G9N7C 75 Comdty,73.16999816894531,75.0,2.504109589041096,0.0452799987792968,0.1934,arithmetic,252,10000,252,MCPricer,5.383263655967706,5.919736719680582,-0.5364730637128758
84,G9Q6C 70.85 Comdty,73.16999816894531,70.85,1.5917808219178082,0.0452799987792968,0.1934,arithmetic,252,10000,252,MCPricer,6.1602923428615695,6.6447929297718575,-0.4845005869102881
85,G9Q6C 72.67 Comdty,73.16999816894531,72.67,1.5917808219178082,0.0452799987792968,0.1934,arithmetic,252,10000,252,MCPricer,5.176609928511329,5.593014389280208,-0.41640446076887905
86,G9Q6C 72.75 Comdty,73.16999816894531,72.75,1.5917808219178082,0.0452799987792968,0.1934,arithmetic,252,10000,252,MCPricer,5.135531240384406,5.410311166120249,-0.2747799257358432
87,G9Q6C 75 Comdty,73.16999816894531,75.0,1.5917808219178082,0.0452799987792968,0.1934,arithmetic,252,10000,252,MCPricer,4.087349121083184,4.292583741586396,-0.20523462050321228
88,G9Q6C 75.8 Comdty,73.16999816894531,75.8,1.5917808219178082,0.0452799987792968,0.1934,arithmetic,252,10000,252,MCPricer,3.750264437225241,4.155641823661974,-0.4053773864367334
89,G9Q6C 76.5 Comdty,73.16999816894531,76.5,1.5917808219178082,0.0452799987792968,0.1934,arithmetic,252,10000,252,MCPricer,3.4749274087876225,3.8067045827658466,-0.33177717397822404
90,G9Q6C 76.6 Comdty,73.16999816894531,76.6,1.5917808219178082,0.0452799987792968,0.1934,arithmetic,252,10000,252,MCPricer,3.434628958157316,3.7334050339262266,-0.2987760757689104
91,G9Q6C 78 Comdty,73.16999816894531,78.0,1.5917808219178082,0.0452799987792968,0.1934,arithmetic,252,10000,252,MCPricer,2.930074268669498,3.2508774543411287,-0.3208031856716307
92,G9Q6C 80 Comdty,73.16999816894531,80.0,1.5917808219178082,0.0452799987792968,0.1934,arithmetic,252,10000,252,MCPricer,2.312753684711971,2.5890869783911254,-0.2763332936791545
93,G9U6C 70 Comdty,73.16999816894531,70.0,1.673972602739726,0.0452799987792968,0.1934,arithmetic,252,10000,252,MCPricer,6.769642130218587,7.456174876622304,-0.6865327464037172
94,G9U6C 70.85 Comdty,73.16999816894531,70.85,1.673972602739726,0.0452799987792968,0.1934,arithmetic,252,10000,252,MCPricer,6.277571070285096,6.607507907762844,-0.3299368374777476
95,G9U6C 71.1 Comdty,73.16999816894531,71.1,1.673972602739726,0.0452799987792968,0.1934,arithmetic,252,10000,252,MCPricer,6.139444505095779,6.550530436301569,-0.4110859312057906
96,G9U6C 72.67 Comdty,73.16999816894531,72.67,1.673972602739726,0.0452799987792968,0.1934,arithmetic,252,10000,252,MCPricer,5.3075079663138105,5.798070901280574,-0.4905629349667633
97,G9U6C 73.8 Comdty,73.16999816894531,73.8,1.673972602739726,0.0452799987792968,0.1934,arithmetic,252,10000,252,MCPricer,4.753691026365317,5.050862657432927,-0.29717163106761024
98,G9U6C 78 Comdty,73.16999816894531,78.0,1.673972602739726,0.0452799987792968,0.1934,arithmetic,252,10000,252,MCPricer,3.0575985401861985,3.3696858323827343,-0.31208729219653586
99,G9U7C 70 Comdty,73.16999816894531,70.0,2.673972602739726,0.0452799987792968,0.1934,arithmetic,252,10000,252,MCPricer,7.972426337515237,8.91005181016613,-0.9376254726508941
100,G9U7C 71.1 Comdty,73.16999816894531,71.1,2.673972602739726,0.0452799987792968,0.1934,arithmetic,252,10000,252,MCPricer,7.396075211235267,8.364382468962786,-0.9683072577275187
101,G9V6C 69.5 Comdty,73.16999816894531,69.5,1.7561643835616438,0.0452799987792968,0.1934,arithmetic,252,10000,252,MCPricer,7.179968508336204,8.030781511967383,-0.8508130036311794
102,G9V6C 71.85 Comdty,73.16999816894531,71.85,1.7561643835616438,0.0452799987792968,0.1934,arithmetic,252,10000,252,MCPricer,5.85847733004209,6.371966477954335,-0.513489147912245
103,G9V6C 72.75 Comdty,73.16999816894531,72.75,1.7561643835616438,0.0452799987792968,0.1934,arithmetic,252,10000,252,MCPricer,5.390034406316493,5.888378051841651,-0.498343645525158
104,G9V6C 75 Comdty,73.16999816894531,75.0,1.7561643835616438,0.0452799987792968,0.1934,arithmetic,252,10000,252,MCPricer,4.345208179030585,4.6738783905870545,-0.328670211556469
105,G9V6C 79.5 Comdty,73.16999816894531,79.5,1.7561643835616438,0.0452799987792968,0.1934,arithmetic,252,10000,252,MCPricer,2.705154084705627,2.9114180435325783,-0.20626395882695148
106,G9V7C 75 Comdty,73.16999816894531,75.0,2.7534246575342465,0.0452799987792968,0.1934,arithmetic,252,10000,252,MCPricer,5.680159515966929,6.520962562674268,-0.8408030467073386
107,G9X6C 69 Comdty,73.16999816894531,69.0,1.841095890410959,0.0452799987792968,0.1934,arithmetic,252,10000,252,MCPricer,7.595674736495765,8.24366833399595,-0.6479935975001858
108,G9X6C 69.5 Comdty,73.16999816894531,69.5,1.841095890410959,0.0452799987792968,0.1934,arithmetic,252,10000,252,MCPricer,7.29025014483192,8.00666063105858,-0.7164104862266596
109,G9X6C 71.85 Comdty,73.16999816894531,71.85,1.841095890410959,0.0452799987792968,0.1934,arithmetic,252,10000,252,MCPricer,5.979895643030508,6.571470879999427,-0.5915752369689189
110,G9X6C 74.4 Comdty,73.16999816894531,74.4,1.841095890410959,0.0452799987792968,0.1934,arithmetic,252,10000,252,MCPricer,4.738539060931124,5.02437656511567,-0.28583750418454557
111,G9X6C 75 Comdty,73.16999816894531,75.0,1.841095890410959,0.0452799987792968,0.1934,arithmetic,252,10000,252,MCPricer,4.477636859391115,4.9124893300853225,-0.4348524706942074
112,G9X6C 77 Comdty,73.16999816894531,77.0,1.841095890410959,0.0452799987792968,0.1934,arithmetic,252,10000,252,MCPricer,3.6751287537417374,3.885166259643845,-0.21003750590210757
113,G9X6C 79.5 Comdty,73.16999816894531,79.5,1.841095890410959,0.0452799987792968,0.1934,arithmetic,252,10000,252,MCPricer,2.828051081903501,3.120777018834946,-0.2927259369314448
114,G9X7C 75 Comdty,73.16999816894531,75.0,2.841095890410959,0.0452799987792968,0.1934,arithmetic,252,10000,252,MCPricer,5.775690700540574,6.784765252313877,-1.0090745517733026
115,G9Z6C 69 Comdty,73.16999816894531,69.0,1.926027397260274,0.0452799987792968,0.1934,arithmetic,252,10000,252,MCPricer,7.70569641511624,8.516093196359845,-0.8103967812436057
116,G9Z6C 70 Comdty,73.16999816894531,70.0,1.926027397260274,0.0452799987792968,0.1934,arithmetic,252,10000,252,MCPricer,7.111725645252525,7.64328594556346,-0.531560300310935
117,G9Z6C 71.1 Comdty,73.16999816894531,71.1,1.926027397260274,0.0452799987792968,0.1934,arithmetic,252,10000,252,MCPricer,6.498963876798026,7.206461210713003,-0.7074973339149766
118,G9Z6C 71.85 Comdty,73.16999816894531,71.85,1.926027397260274,0.0452799987792968,0.1934,arithmetic,252,10000,252,MCPricer,6.100596574712726,6.653401267393332,-0.5528046926806063
119,G9Z6C 74.4 Comdty,73.16999816894531,74.4,1.926027397260274,0.0452799987792968,0.1934,arithmetic,252,10000,252,MCPricer,4.873165602221781,5.271079728933138,-0.39791412671135706
120,G9Z7C 75 Comdty,73.16999816894531,75.0,2.926027397260274,0.0452799987792968,0.1934,arithmetic,252,10000,252,MCPricer,5.875505392315746,6.680151404380174,-0.8046460120644285
